Name,title
4.34.3 out of 5 stars (56)  ,"65,938"
4.24.2 out of 5 stars (63)  ,"1,27,175"
4.74.7 out of 5 stars (64)  ,"2,33,754"
4.24.2 out of 5 stars (193)  ,"80,334"
4.84.8 out of 5 stars (41)  ,"76,876"
4.34.3 out of 5 stars (52)  ,"1,92,539"
4.14.1 out of 5 stars (32)  ,"85,844"
4.54.5 out of 5 stars (36)  ,"87,857"
4.64.6 out of 5 stars (31)  ,"1,12,100"
4.84.8 out of 5 stars (73)  ,"2,67,731"
4.44.4 out of 5 stars (33)  ,"1,01,763"
4.54.5 out of 5 stars (20)  ,"1,25,900"
4.44.4 out of 5 stars (38)  ,"69,443"
4.44.4 out of 5 stars (13)  ,"1,34,644"
4.54.5 out of 5 stars (20)  ,"65,661"
4.84.8 out of 5 stars (6)  ,"1,29,776"
4.64.6 out of 5 stars (14)  ,"67,196"
4.34.3 out of 5 stars (52)  ,"85,957"
