Product Name,Price
Adrika Refined Sarees,₹563
Alisha Refined Sarees,₹261
Abhisarika Superior Sarees,₹284
Myra Voguish Sarees,₹302
Adrika Pretty Sarees,₹316
Alisha Fashionable Sarees,₹326
Jivika Attractive Sarees,"₹1,103"
Abhisarika Refined Sarees,₹260
Kashvi Superior Sarees,₹723
Aakarsha Sensational Sarees,₹278
Aagyeyi Sensational Sarees,₹533
Adrika Drishya Sarees,₹327
Adrika Sensational Sarees,₹314
Aagyeyi Superior Sarees,₹278
Alisha Fashionable Sarees,₹326
Alisha Fabulous Sarees,₹327
Aakarsha Drishya Sarees,₹325
Jivika Ensemble Sarees,₹385
Aagam Pretty Sarees,₹345
Jivika Fabulous Sarees,₹307
