Brand,Product Name,Price
Roadster,Men Casual Chelsea Boots,Rs. 844
UNDER ARMOUR,Men Charged Surge 4 Run Shoes,Rs. 4809
HRX by Hrithik Roshan,Unisex Back To School Shoes,Rs. 924
Shozie,Girls Colourblocked Sneakers,Rs. 489
DressBerry,Women Embellished Ballerinas,Rs. 475
AEROKICK,Unisex Kids Lace Up Shoes,Rs. 395
HRX by Hrithik Roshan,Unisex Back To School Shoes,Rs. 924
Killer,Men Formal Derby Shoes,Rs. 1049
Decathlon,Women Lace-Ups Sports Shoes,Rs. 1999
BIRDE,Woven Design Shoes,Rs. 401
HRX by Hrithik Roshan,Men Active Running Shoes,Rs. 1399
FEETWELL SHOES,Kids Colourblocked Sneakers,Rs. 374
Killer,Men Trekking Shoes,Rs. 1406
FEETWELL SHOES,Unisex Kids Sneakers,Rs. 464
Decathlon,Men Football Sports Shoes,Rs. 2199
Nike,3 Next Nature Workout Shoes,Rs. 3497
Red Tape,Round Toe Lace-Ups Sneakers,Rs. 2001
INVICTUS,Men Solid Formal Lace-Up Derby,Rs. 1199
Liberty,Kids Velcro School Shoes,Rs. 423
Kids Ville,Boys Printed Casual Shoes,Rs. 974
Provogue,Men Round Toe Formal Derby,Rs. 659
HRX by Hrithik Roshan,Men Club Culture Shoes,Rs. 1247
House of Pataudi,Men Textured Formal Loafers,Rs. 1649
toothless,Girls Slip-On Sneakers,Rs. 599
FEETWELL SHOES,Kids LED Sneakers,Rs. 374
INVICTUS,Men Round Toe Slip On Loafers,Rs. 834
JM Looks,Women Marry-Janes Shoes,Rs. 739
House of Pataudi,Men Formal Loafers,Rs. 1160
Crazyly,Velcro School Shoes,Rs. 381
JM Looks,Shoes For Women & Girls,Rs. 720
INVICTUS,Men Solid Leather Formal Derby Shoes,Rs. 999
Zoom Shoes,Men Formal Slip-On Shoes,Rs. 2170
FEETWELL SHOES,Unisex Kids Colourblocked Sneakers,Rs. 374
Roadster,Men Sneakers,Rs. 974
Decathlon,Men Football Sports Shoes,Rs. 1649
Liberty,Kids Non Lacing School Shoes,Rs. 767
House of Pataudi,Men Textured Formal Derbys,Rs. 1520
Mactree,Men Tan Derby Shoes,Rs. 1298
Kids Ville,Boys Spider Man Printed Shoes,Rs. 849
Provogue,Men Textured Loafers,Rs. 753
Shoetopia,Synthetic Casual Shoes,Rs. 767
KRAASA,Men Walking Shoes,Rs. 999
Provogue,Men Leather Formal Slip-Ons,Rs. 626
Ozarro,Men Leather Casual Shoes,Rs. 1256
HRX by Hrithik Roshan,Men Running Shoes,Rs. 959
