Name,Price
"Vox V14 Keypad Mobile (2.4 Inch, Dual Sim)",₹638
"IQOO Z10X 5G (Ultramarine, 128 GB)","₹14,439"
itel it5330 | 2.8 inch Big Display | 1900 mAh Battery | Kingvoice,"₹1,584"
Itel it5330 | 2.8 inch Big Display | 1900 mAh Battery | Kingvoice,"₹1,561"
Itel it5330 | 2.8 inch Big Display | 1900 mAh Battery | Kingvoice,"₹1,577"
Kechaoda A26_rose gold,₹860
Micromax X1i Smart,₹939
Jio Bharat V4 JBV191M2 4G,₹700
"IQOO Z10 Lite 5G (Titanium Blue, 128 GB)","₹11,589"
"IQOO Z10 Lite 5G (Cyber Green, 128 GB)","₹12,589"
"IQOO Z10 Lite 5G (Cyber Green, 128 GB)","₹11,589"
"Lava Shark 5G (stellar gold /steller gold, 64 GB)","₹9,090"
Kechaoda A27,₹905
Kechaoda A27,₹865
Kechaoda A27,₹900
A50V Dual Sim Keypad Phone|1750 mAh Battery|1.8inch Display|Expandable Upto 32GB,"₹1,640"
Jio JioBharat K2 Keypad Mobile,₹989
Karbonn KX30 Dual Sim Keypad Mobile|1200 mAh Battery|0.3MP Camera|Expandable Upto 32 GB,"₹1,348"
SAMSUNG GT-1200,₹789
Jio F320,"₹1,196"
ringme R1 S15,"₹6,590"
ringme R1 S15,"₹6,590"
Jio V4 Keypad Phone,₹689
MTR m16 pro,"₹4,590"
